"movie_rank","movie_name","release_year","release_season","duration","imdb_rate","vote_count","genre1","genre2","genre3","country","language_","box_office","age_group_rate"
1,"The Shawshank Redemption",1994,"autumn","2h 22m",9.3,"3.1m","epic","drama","prison drama","US","english",28784937,"R"
2,"The Godfather",1972,"spring","2h 55m",9.2,"2.2m","crime","tragedy","drama","US","english italian",250342198,"R"
3,"The Dark Knight",2008,"summer","2h 32m",9.1,"3.1m","epic","action","superhero","US","english",1009057329,"PG-13"
4,"The Godfather Part II",1974,"winter","3h 22m",9.0,"1.4m","tragedy","crime","drama","US","english italian",88000000,"R"
5,"12 Angry Men",1957,"spring","1h 36m",9.0,"946k","drama","crime","psychological","US","english",2945,"Approved"
6,"The Lord of the Rings: The Return of the King",2003,"winter","3h 21m",9.0,"2.1m","epic","drama","quest","US","english",1118000000,"PG-13"
7,"Schindler's List",1993,"winter","3h 15m",9.0,"1.5m","history","drama","tragedy","US","english",322161245,"R"
8,"Pulp Fiction",1994,"autumn","2h 34m",8.8,"2.4m","drama","crime","dark comedy","US","english",212891598,"R"
9,"The Lord of the Rings: The Fellowship of the Ring",2001,"winter","2h 58m",8.9,"2.1m","epic","drama","quest","US","english",868000000,"PG-13"
10,"The Good, the Bad and the Ugly",1966,"winter","2h 58m",8.8,"867k","western","dark comedy","action","italy","english italian",38900000,"R"
11,"Forrest Gump",1994,"summer","2h 22m",8.8,"2.4m","epic","drama","romance","US","english",677945399,"PG-13"
12,"The Lord of the Rings: The Two Towers",2002,"winter","2h 59m",8.8,"1.9m","epic","drama","quest","US","english",937900000,"PG-13"
13,"Fight Club",1999,"autumn","2h 19m",8.8,"1.9m","drama","psychological","psychological thriller","US","english",101000000,"R"
14,"Inception",2010,"summer","2h 28m",8.8,"2.7m","sci-fi epic","psychological thriller","action","US","english",839000000,"PG-13"
15,"Star Wars: Episode V - The Empire Strikes Back",1980,"spring","2h 4m",8.7,"1.5m","sci-fi epic","dark fantasy","quest","US","english",549001086,"PG"
16,"The Matrix",1999,"spring","2h 16m",8.7,"2.2m","artificial intelligence","sci-fi","dystopian","US","english",460000000,"R"
17,"Goodfellas",1990,"autumn","2h 25m",8.7,"1.3m","drama","crime","gangster","US","english",47000000,"r"
18,"Interstellar",2014,"autumn","2h 49m",8.7,"2.4","drama","sci-fi","epic","US","english",681000000,"PG-13"
19,"One Flew Over the Cuckoo's Nest",1975,"autumn","2h 13m",8.7,"1.1m","drama","psychological drama","medical drama","US","english",163274115,"R"
20,"Se7en",1995,"autumn","2h 7m",8.6,"1.9m","psychological thriller","drama","mystry","US","english",328908157,"R"
21,"It's a Wonderful Life",1946,"winter","2h 10m",8.6,"534k","drama","romance","psychological drama","US","english",16420592,"PG"
22,"The Silence of the Lambs",1991,"winter","1h 58m",8.6,"1.7m","psychological horror","psychological thriller","horror","US","english",273000000,"R"
23,"Seven Samurai",1954,"spring","3h 27m",8.6,"390k","drama","epic","action","japan","Japanese ",1092319,"Not Rated"
24,"Saving Private Ryan",1998,"summer","2h 49m",8.6,"1.6m","war","drama","tragedy","US","english",482352390,"R"
25,"The Green Mile",1999,"winter","3h 9m",8.6,"1.5m","mystry","drama","supernatural","US","english",286801374,"R"
26,"City of God",2002,"summer","2h 10m",8.6,"848k","gangster","drama","crime","brazil","brazilian",30681033,"R"
27,"Life Is Beautiful",1997,"winter","1h 56m",8.6,"789k","drama","romance","tragedy","italy","italian",230099013,"PG-13"
28,"Terminator 2: Judgment Day",1991,"summer","2h 17m",8.6,"1.2m","sci-fi","action","artificial intelligence","US","english",517778573,"R"
29,"Star Wars: Episode IV - A New Hope",1977,"spring","2h 1m",8.6,"1.5m","quest","sci-fi epic","dark fantasy","US","english",775398507,"PG"
30,"Back to the Future",1985,"summer","1h 56m",8.5,"1.4m","sci-fi","comedy","adventure","US","english",385053307,"PG"
31,"Spirited Away",2001,"summer","2h 4m",8.6,"929k","animation","fantasy","family","japan","japanese",360050166,"PG"
32,"The Pianist",2002,"winter","2h 30m",8.6,"982k","war","drama","tragedy","european","english",120098945,"R"
33,"Gladiator",2000,"spring","2h 35m",8.5,"1.8m","epic","drama","action","US","english",465516248,"R"
34,"Parasite",2019,"autumn","2h 12m",8.5,"1.1m","psychological drama","thriller","tragedy","south korea","korean",262546143,"R"
35,"Psycho",1960,"summer","1h 49m",8.5,"1.1m","psychological thriller","horror","mystry","US","english",32253778,"R"
36,"The Lion King",1994,"summer","1h 28m",8.5,"1.2m","animation","drama","musical","US","english",979161373,"G"
37,"Grave of the Fireflies",1988,"spring","1h 28m",8.5,"361k","animation","war","drama","japan","japanese",842132,"Not Rated"
38,"The Departed",2006,"autumn","2h 31m",8.5,"1.5m","gangster","crime","drama","US","english",292101761,"R"
39,"Whiplash",2014,"autumn","1h 46m",8.5,"1.1m","psychological drama","drama","musical","US","english",50431161,"R"
40,"Harakiri",1962,"autumn","2h 13m",8.6,"83k","period drama","drama","mystry","japan","japanese",15222,"Not Rated"
41,"The Prestige",2006,"autumn","2h 10m",8.5,"1.5m","sci-fi","mystry","drama","british american","english",109676311,"PG-13"
42,"American History X",1998,"autumn","1h 59m",8.5,"1.2m","tragedy","crime","psychological drama","US","english",23875714,"R"
43,"Léon: The Professional",1994,"autumn","1h 50m",8.5,"1.3m","crime","drama","thriller","italian american","french english",20330788,"R"
44,"Spider-Man: Across the Spider-Verse",2023,"summer","2h 20m",8.5,"478k","superhero","animation","fantasy","US","english",690824738,"PG"
45,"Casablanca",1942,"winter","1h 42m",8.5,"639k","war","romance","psychological drama","US","english",4732250,"PG"
46,"Cinema Paradiso",1988,"autumn","2h 54m",8.5,"306k","drama","romance","coming of age","italian french","italian",13502484,"PG"
47,"The Intouchables",2011,"autumn","1h 52m",8.5,"993k","comedy","drama","docudrama","France","french",426590315,"R"
48,"The Usual Suspects",1995,"summer","1h 46m",8.5,"1.2m","psychological drama","crime","mystry","US","english",23342724,"R"
49,"Alien",1979,"summer","1h 57m",8.5,"1m","horror","sci-fi","monster horror","US","english",109102567,"R"
50,"Modern Times",1936,"winter","1h 27m",8.5,"276k","romance","drama","comedy","US","english",463618,"G"
51,"Rear Window",1954,"autumn","1h 52m",8.5,"554k","psychological thriller","mystry","drama","US","english",37906082,"PG"
52,"Django Unchained",2012,"winter","2h 45m",8.5,"1.8m","western","drama","dark comedy","US","english",426076293,"R"
53,"Once Upon a Time in the West",1968,"winter","2h 46m",8.5,"373k","western","drama","epic","italy","english italian",5435312,"PG-13"
54,"City Lights",1931,"spring","1h 27m",8.5,"209k","comedy","drama","romance","US","english",55154,"G"
55,"Apocalypse Now",1979,"summer","2h 27m",8.4,"751k","war","epic","drama","US","english",105162859,"R"
56,"WALL·E",2008,"summer","1h 38m",8.4,"1.3m","sci-fi","animation","adventure","US","english",527403656,"G"
57,"Memento",2000,"spring","1h 53m",8.4,"1.4m","psychological thriller","drama","mystry","US","english",40060108,"R"
58,"Dune: Part Two",2024,"winter","2h 46m",8.5,"663k","epic","drama","sci-fi","US","english",714844358,"PG-13"
59,"Raiders of the Lost Ark",1981,"summer","1h 55m",8.4,"1.1m","adventure","quest","action","US","english",389925971,"PG"
60,"Avengers: Infinity War",2018,"spring","2h 29m",8.4,"1.3m","sci-fi","superhero","action","US","english",2052415039,"PG-13"
61,"The Lives of Others",2006,"spring","2h 17m",8.4,"432k","thriller","drama","mystry","germany","german",77672685,"R"
62,"Sunset Boulevard",1950,"summer","1h 50m",8.4,"252k","drama","dark comedy","tragedy","US","english",312751,"Approved"
63,"Spider-Man: Into the Spider-Verse",2018,"winter","1h 57m",8.4,"750k","superhero","animation","fantasy","US","english",393602435,"PG"
64,"Witness for the Prosecution",1957,"winter","1h 56m",8.4,"135k","legal","mystry","drama","US","english",7903,"Approved"
65,"Paths of Glory",1957,"winter","1h 28m",8.4,"230k","psychological drama","war","tragedy","US","english",8290,"Approved"
66,"The Shining",1980,"spring","2h 26m",8.4,"1.2m","psychological horror","drama","psychological drama","US","english",47970919,"R"
67,"The Great Dictator",1940,"autumn","2h 5m",8.4,"251k","political","drama","comedy","US","english",972212,"G"
68,"Inglourious Basterds",2009,"summer","2h 33m",8.4,"1.7m","war","drama","dark comedy","german american","english",321460744,"R"
69,"12th Fail",2023,"autumn","2h 27m",8.7,"155k","drama","biography","docudrama","india","hindi",138288,"Not Rated"
70,"Aliens",1986,"summer","2h 17m",8.4,"819k","horror","monster horror","sci-fi","US","english",131060248,"R"
71,"The Dark Knight Rises",2012,"summer","2h 44m",8.4,"1.9m","epic","action","superhero","US","english",1115050227,"PG-13"
72,"Coco",2017,"autumn","1h 45m",8.4,"667k","musical","drama","animation","US","english",814641172,"PG"
73,"Amadeus",1984,"autumn","2h 40m",8.4,"454k","musical","drama","biography","US","english",52268382,"PG"
74, "Avengers: Endgame", "2019", "spring", "181", "8.4", "1400000", "sci-fi", "action", "superhero", "US", "english", 2799439100, "PG-13"
75,"Good Will Hunting",1995,"winter","2h 6m",8.3,"1.2m","romance","coming of age","psychological drama","US","english",225933435,"R"
76,"Toy Story",1995,"autumn","1h 21m",8.3,"1.1m","animation","adventure","fantasy","US","english",39443658,"G"
77,"High and Low",1963,"spring","2h 33m",8.4,"63k","crime","drama","thriller","japan","japanese",64503,"Not Rated"
78,"Dr. Strangelove",1964,"winter","1h 35m",8.3,"543k","war","comedy","tragedy","US","english",9669164,"PG"
79,"Oldboy",2003,"autumn","2h",8.3,"692k","thriller","mystry","drama","south korea","korean",17617021,"R"
80,"Das Boot",1981,"autumn","2h 29m",8.4,"282k","war","drama","epic","germany","german",11489051,"Not Rated"
81,"Braveheart",1995,"spring","2h 58",8.3,"1.1","war","drama","epic","US","english",213216216,"R"
82,"Your Name.",2016,"spring","1h 46m",8.4,"369k","romance","drama","animation","japan","japanese",405349022,"Not Rated"
83,"Princess Mononoke",1997,"summer","2h 13m",8.3,"468k","animation","fantasy","epic","japan","japanese",21464194,"PG-13"
84,"American Beauty",1999,"autumn","2h 2m",8.3,"1.3m","drama","tragedy","psychological drama","US","english",356296601,"R"
85,"3 Idiots",2009,"winter","2h 50m",8.4,"467k","comedy","drama","coming of age","India","hindi",60262836,"PG-13"
86,"Joker",2019,"autumn","2h 2m",8.3,"1.6m","psychological thriller","tragedy","drama","US","english",1078958629,"R"
87,"Capernaum",2018,"winter","2h 6m",8.4,"119k","psychological drama","drama","coming of age","lebanon","lebanese",64417003,"R"
88,"Once Upon a Time in America",1984,"summer","3h 49m",8.3,"400k","drama","crime","gangster","US","english",5476126,"R"
89,"Singin' in the Rain",1952,"spring","1h 43m",8.3,"276k","romance","comedy","musical","US","english",2098402,"G"
90,"Come and See",1985,"summer","2h 22m",8.3,"116k","war","psychological drama","tragedy","soviet","Belarusian",20929648,"Not Rated"
91,"Requiem for a Dream",2000,"autumn","1h 42m",8.3,"950k","tragedy","drama","psychological drama","US","english",7391471,"NC-17"
92,"Star Wars: Episode VI",1983,"spring","2h 11m",8.3,"1.2m","quest","sci-fi epic","dark fantasy","US","english",482466382,"PG"
93,"Toy Story 3",2010,"summer","1h 43m",8.3,"944k","animation","adventure","fantasy","US","english",1067316101,"G"
94,"The Hunt",2012,"spring","1h 55m",8.3,"395k","tragedy","drama","psychological drama","US","english",15886373,"R"
95,"Ikiru",1952,"autumn","2h 23m",8.3,"395k","drama","tragedy","psychological drama","japan","japanese",114026,"Not Rated"
96,"Eternal Sunshine of the Spotless Mind",2004,"spring","1h 48m",8.3,"1.2m","sci-fi","romance","drama","US","english",73064902,"R"
97,"Incendies",2010,"autumn","2h 11m",8.3,"236k","war","mystry","drama","canada","french arabic",6804715,"R"
98,"The Apartment",1960,"summer","2h 5m",8.3,"212k","comedy","romance","romantic comedy","US","english",18783770,"Approved"
99,"Lawrence of Arabia",1962,"winter","3h 47m",8.3,"333k","war","biography","drama","UK","english",45985667,"PG"
100,"2001: A Space Odyssey",1968,"spring","2h 29m",8.3,"763k","sci-fi","artificial intelligence","epic","US","english",67910575,"G"
101,"Reservoir Dogs",1992,"autumn","1h 39m",8.3,"1.1m","gangster","thriller","crime","US","english",2940735,"R"
102,"Scarface",1983,"winter","2h 50m",8.3,"983k","drama","crime","tragedy","US","english",66443303,"R"
103,"Heat",1995,"winter","2h 50m",8.3,"772k","drama","crime","action","US","english",187436818,"R"
104,"Double Indemnity",1944,"summer","1h 47m",8.3,"177k","mystry","drama","crime","US","english",21026,"Approved"
105,"North by Northwest",1959,"summer","2h 16m",8.3,"364k","drama","mystry","thriller","US","english",198390,"Approved"
106,"Up",2009,"spring","1h 36",8.3,"1.2m","comedy","adventure","animation","US","english",735103954,"PG"
107,"M",1931,"spring","1h 39m",8.3,"179k","mystry","thriller","crime","germany","german",35566,"Passed"
108,"Citizen Kane",1941,"spring","1h 59m",8.2,"486k","mystry","drama","tragedy","US","english",1711106,"PG"
109,"Full Metal Jacket",1987,"summer","1h 56m",8.2,"832k","war","drama","psychological drama","US","english",50875563,"R"
110,"Vertigo",1958,"spring","2h 8m",8.2,"450k","mystry","romance","thriller","US","english",7974114,"PG"
111,"Amélie",2001,"spring","2h 2m",8.3,"825k","romance","romantic comedy","comedy","france","french",175428594,"R"
112,"Like Stars on Earth",2007,"winter","2h 42m",8.3,"224k","family","drama","coming of age","idnia","hindi",21897373,"PG"
113,"A Separation",1962,"spring","2h13m",8.3,"272k","psychological drama","legal drama","drama","Iran","persian",22926076,"PG-13"
114,"To Kill a Mockingbird",1962,"summer","2h 9m",8.3,"346k","crime","drama","legal drama","US","english",602810,"Approved"
115,"Die Hard",1988,"summer","2h 12m",8.2,"1m","thriller","action","dark comedy","US","english",143651650,"R"
116,"Indiana Jones and the Last Crusade",1989,"spring","2h 7m",8.2,"847k","action","quest","adventure","US","english",474171806,"PG-13"
117,"The Sting",1973,"winter","2h 9m",8.2,"293k","crime","comedy","drama","US","english",156000000,"PG"
118,"A Clockwork Orange",1971,"winter","2h 16m",8.2,"920k","sci-fi","crime","dystopian","US","english",27035204,"R"
119,"Metropolis",1927,"spring","2h 33m",8.3,"197k","sci-fi","drama","dystopian","US","english",1353679,"Not Rated"
120,"Snatch",2000,"summer","1h 42m",8.2,"956k","crime","comedy","gangster","US","english",83558617,"R"
121,"Oppnheimer",2023,"summer","3h",8.3,"934k","biography","drama","epic","US","english",975811333,"R"
122,"1917",2019,"winter","1h 59m",8.2,"742k","war","drama","epic","british american","english",446064352,"R"
123,"L.A. Confidential",1997,"autumn","2h 18m",8.2,"647k","mystry","crime","drama","US","english",126216940,"R"
124,"Bicycle Thieves",1948,"autumn","1h 29m",8.2,"188k","tragedy","drama","quest","italy","italian",453129,"Not Rated"
125,"Downfall",2004,"autumn","2h 36m",8.2,"393k","war","drama","tragedy","germany","german",92181574,"R"
126,"Dangal",2016,"winter","2h 41m",8.3,"232k","sport","drama","biography","india","hindi",303726694,"Not Rated"
127,"The Wolf of Wall Street",2013,"winter","3h",8.2,"1.7","crime","biography","drama","US","english",407039432,"R"
128,"The Chaos Class Failed the Class",1975,"winter","1h 35m",8.6,"28k","satire","comedy","nothing","turkey","turkish",0,"Not Rated"
129,"Green Book",2018,"autumn","2h 10m",8.2,"652k","musical","biography","drama","US","english",321752656,"PG-13"
130,"Hamilton",2020,"summer","2h 40m",8.3,"132k","musical","drama","biography","US","english",0,"PG-13"
131,"The Truman Show",1998,"summer","1h 43m",8.2,"1.3m","psychological drama","dark comedy","satire","US","english",264118712,"PG"
132,"Taxi Driver",1976,"autumn","1h 54m",8.2,"994k","drama","crime","psychological drama","US","english",28979798,"R"
133,"Batman Begins",2005,"summer","2h 20m",8.2,"1.7","epic","action","superhero","US","english",375545613,"PG-13"
134,"For a Few Dollars More",1965,"winter","2h 12m",8.2,"293k","western","drama","quest","europe","italian",15000770,"R"
135,"Judgment at Nuremberg",1961,"winter","2h 59m",8.3,"93k","war","history","legal drama","US","english",12180,"Approved"
136,"Shutter Island",2010,"winter","2h 18m",8.2,"1.6","psychological thriller","drama","mystry","US","english",294978537,"R"
137,"Some Like It Hot",1959,"spring","2h 1m",8.2,"299k","musical","comedy","romance","US","english",208786,"Approved"
138,"Jurassic Park",1993,"summer","2h 7m",8.2,"1.1m","sci-fi","thriller","adventure","US","english",1104379926,"PG-13"
139,"The Kid",1921,"autumn","1h 8m",8.2,"134k","comedy","drama","family","US","english",46382,"Passed"
140,"The Father",2020,"winter","1h 37m",8.2,"219k","mystry","drama","psychological drama","US","english",24048935,"PG-13"
141,"All About Eve",1950,"autumn","2h 18m",8.2,"146k","drama","showbiz drama","comedy","US","english",156988,"Approved"
142,"There Will Be Blood",2007,"winter","2h 38m",8.2,"682k","psychological drama","drama","tragedy","US","english",76430381,"R"
143,"The Sixth Sense",1999,"summer","1h 47m",8.2,"1.1m","thriller","mystry","drama","US","english",672806432,"PG-13"
144,"Ran",1985,"spring","2h 40m",8.2,"147k","action","war","drama","japan","japanese",4388625,"R"
145,"Casino",1995,"autumn","2h 58m",8.2,"610k","drama","crime","gangster","US","english",116112375,"R"
146,"Top Gun: Maverick",2022,"spring","2h 10m",8.2,"801k","drama","action","epic","US","english",1495696292,"PG-13"
147,"No Country for Old Men",2007,"winter","2h 2m",8.2,"1.1m","psychological drama","drama","crime","US","english",171635011,"R"
148,"The Thing",1982,"autumn","1h 49m",8.2,"507k","sci-fi","horror","mystry","US","english",20847529,"R"
149,"Unforgiven",1992,"autumn","2h 10m",8.2,"459k","western","drama","tragedy","US","english",159167799,"R"
150,"Pan's Labyrinth",2006,"spring","1h 58m",8.2,"731k","drama","fantasy","tragedy","spanish mexican","spanish",83863565,"R"
151,"Kill Bill: Vol. 1",2003,"autumn","1h 51m",8.2,"1.3m","thriller","crime","action","US","english",180908413,"R"
152,"A Beautiful Mind",2001,"winter","2h 15m",8.2,"1m","psychological drama","mystry","biography","US","english",316791257,"PG-13"
153,"Prisoners",2013,"autumn","2h 33m",8.2,"892k","thriller","mystry","drama","US","english",122127446,"R"
154,"The Treasure of the Sierra Madre",1948,"winter","2h 6m",8.2,"139k","western","drama","adventure","US","english",5014124,"Approved"
155,"Yojimbo",1961,"spring","1h 50m",8.2,"140k","drama","thriller","action","japan","japanese",68196,"G"
156,"Finding Nemo",2003,"spring","1h 40m",8.2,"1.2m","animation","comedy","adventure","US","english",941637960,"Not Rated"
157,"Howl's Moving Castle",2004,"autumn","1h 59",8.2,"493k","animation","fantasy","adventure","Japan","japanese",241286592,"PG"
158,"The Best of Youth",2003,"summer","6h 14m",8.4,"26k","romance","drama","epic","italy","italian",2799773,"R"
159,"The Great Escape",1963,"summer","2h 52m",8.2,"272k","war","thriller","drama","US","english",230637,"Approved"
160,"Monty Python and the Holy Grail",1975,"spring","1h 31m",8.2,"593k","fantasy","comedy","adventure","US","english",2934737,"PG"
161,"The Elephant Man",1980,"autumn","2h 4m",8.2,"276k","drama","biography","tragedy","US","english",26034325,"PG"
162,"Klaus",2019,"autumn","1h 36m",8.2,"219k","fantasy","comedy","animation","spanish american","english",0,"PG"
163,"Dial M for Murder",1954,"spring","1h 45m",8.2,"200k","thriller","mystry","drama","US","english",45313,"PG"
164,"Gone with the Wind",1939,"winter","3h 58m",8.2,"350k","war","drama","romance","US","english",402382193,"G"
165,"The Secret in Their Eyes",2009,"winter","2h 9m",8.2,"236k","drama","tragedy","psychological thriller","argentina","spanish",35079650,"R"
166,"Chinatown",1974,"summer","2h 10m",8.1,"369k","thriller","mystry","drama","US","english",29232347,"R"
167,"Lock, Stock and Two Smoking Barrels",1998,"summer","1h 47m",8.1,"640k","crime","comedy","gangster","UK","english",3753929,"R"
168,"V for Vendetta",2005,"winter","2h 12m",8.1,"1.2m","thriller","dystopian","superhero","british american","english",134686457,"R"
169,"Rashomon",1950,"summer","1h 28m",8.1,"192k","mystry","drama","crime","japan","japanese",141708,"Not Rated"
170,"Inside Out",2015,"summer","1h 35m",8.1,"883k","fantasy","comedy","animation","US","english",859076254,"PG"
171,"Three Billboards Outside Ebbing, Missouri",2017,"winter","1h 55m",8.1,"591k","drama","crime","dark comedy","US","english",162729321,"R"
172,"Catch Me If You Can",2002,"winter","2h 21m",8.1,"1.2m","drama","crime","biography","US","english",352114312,"PG-13"
173,"Trainspotting",1996,"winter","1h 33m",8.1,"756k","dark comedy","psychological drama","crime","british scottish","english",16992984,"R"
174,"The Bridge on the River Kwai",1957,"autumn","2h 41m",8.1,"245k","war","drama","adventure","british american","english",27201366,"PG"
175,"Raging Bull",1980,"winter","2h 9m",8.1,"400k","sport","drama","biography","US","english",23406558,"R"
176,"Harry Potter and the Deathly Hallows: Part 2",2011,"summer","2h 10m",8.1,"1m","mystry","fantasy","adventure","british american","english",1342505340,"PG-13"
177,"Fargo",1996,"spring","1h 38m",8.1,"765k","thriller","drama","tragedy","US","english",60611975,"R"
178,"The Wild Robot",2024,"autumn","1h 42m",8.2,"195k","sci-fi","animation","artificial intelligence","US","english",334537187,"PG"
179,"Warrior",2011,"autumn","2h 20m",8.1,"519k","sport","drama","action","US","english",23308615,"PG-13"
180,"Million Dollar Baby",2004,"winter","2h 12m",8.1,"753k","psychological drama","sport","tragedy","US","english",216763646,"PG-13"
181,"Dead Poets Society",1989,"summer","2h 8m",8.1,"609k","drama","comedy","coming of age","US","english",235860116,"PG"
182,"Gran Torino",2008,"winter","1h 56m",8.1,"847k","drama","psychological drama","dark comedy","US","english",269958228,"R"
183,"Ben-Hur",1959,"autumn","3h 22m",8.1,"266k","drama","epic","adventure","US","english",74442231,"G"
184,"Mad Max: Fury Road",2015,"spring","2h",8.1,"1.2m","dystopian","epic","adventure","US","english",380456026,"R"
185,"Barry Lyndon",1975,"autumn","3h 5m",8.1,"197k","tragedy","psychological drama","adventure","ireland","english",565358,"PG"
186,"My Neighbor Totoro",1988,"spring","1h 26m",8.1,"416k","fantasy","animation","comedy","japan","japanese",30562762,"G"
187,"Children of Heaven",1977,"winter","1h 29m",8.2,"87k","family","sport","drama","iran","english",933933,"PG"
188,"Hacksaw Ridge",2016,"autumn","2h 19m",8.1,"651k","war","drama","biography","US","english",180563636,"R"
189,"The Grand Budapest Hotel",2014,"winter","1h 39m",8.1,"940k","drama","comedy","quirky comedy","german american","english",174567384,"R"
190,"12 Years a Slave",2013,"winter","2h 14m",8.1,"771k","psychological drama","tragedy","epic","US","english",187734091,"R"
191,"Before Sunrise",1995,"winter","1h 41m",8.1,"365k","romance","drama","comedy","US","english",6573474,"R"
192,"Spider-Man: No Way Home",2021,"winter","2h 28m",8.2,"975k","superhero","sci-fi","action","US","english",1921426073,"PG-13"
193,"Blade Runner",1982,"summer","1h 57m",8.1,"863k","thriller","sci-fi","dystopian","US","english",41768494,"R"
194,"Memories of Murder",2003,"spring","2h 12m",8.1,"250k","thriller","psychological drama","mystry","south korea","korean",1210763,"Not Rated"
195,"Gone Girl",2014,"autumn","2h 29m",8.1,"1.1m","thriller","mystry","drama","US","english",370890259,"R"
196,"Ratatouille",2007,"summer","1h 51m",8.1,"904k","animation","comedy","fantasy","US","english",623738973,"G"
197,"How to Train Your Dragon",2010,"spring","1h 38m",8.1,"865k","animation","adventure","fantasy","US","english",494879860,"PG"
198,"Monsters, Inc.",2001,"autumn","1h 32m",8.1,"1m","animation","comedy","adventure","US","english",579771043,"G"
199,"Jaws",1975,"summer","2h 4m",8.1,"714k","thriller","horror","monster horror","US","english",489033660,"PG"
200,"In the Name of the Father",1993,"autumn","2h 13m",8.1,"198k","drama","crime","biography","irish british","english",65796862,"R"
201,"Wild Tales",2014,"summer","2h 2m",8.1,"232k","thriller","drama","dark comedy","spain","spanish",31478893,"R"
202,"The Gold Rush",1925,"summer","1h 35m",8.1,"126k","romance","drama","comedy","US","english",82065,"Approved"
203,"Ford v Ferrari",2019,"autumn","2h 32m",8.1,"541k","sport","drama","biography","US","english",226299480,"PG-13"
204,"Sherlock Jr.",1924,"spring","45m",8.1,"63k","romantic comedy","action","romance","US","english",399,"Passed"
205,"Mary and Max",2009,"spring","1h 32m",8.1,"198k","animation","dark comedy","drama","australia","english",1740791,"Not Rated"
206,"The Deer Hunter",1978,"winter","3h 3m",8.1,"379k","war","drama","epic","US","english",49080312,"R"
207,"The Wages of Fear",1953,"spring","2h 36m",8.1,"72k","psychological drama","thriller","adventure","US","english",22326,"Not Rated"
208,"The General",1926,"winter","1h 18m",8.1,"104k","war","drama","comedy","US","english",1388,"Passed"
209,"Mr. Smith Goes to Washington",1939,"autumn","2h 9m",8.1,"127k","political drama","comedy","drama","US","english",146123,"Approved"
210,"On the Waterfront",1954,"summer","1h 48m",8.1,"174k","thriller","drama","crime","US","english",3768,"Approved"
211,"Logan",2017,"winter","2h 17m",8.1,"902k","sci-fi","thriller","drama","US","english",619180476,"R"
212,"Rocky",1976,"autumn","2h",8.1,"670k","sport","drama","sport","US","english",117253345,"PG"
213,"Wild Strawberries",1957,"winter","1h 32m",8.1,"122k","romance","drama","psychological drama","sweden","swedish",81070,"Not Rated"
214,"Tokyo Story",1953,"autumn","2h 17m",8.1,"75k","drama","psychological drama","drama","japan","japanese",93881,"Not Rated"
215,"The Third Man",1949,"autumn","1h 44m",8.1,"192k","thriller","mystry","drama","US","english",1423967,"Approved"
216,"Spotlight",2015,"autumn","2h 9m",8.1,"524k","drama","biography","crime","US","english",98690254,"R"
217,"Maharaja",2024,"summer","2h 21m",8.4,"74k","thriller","drama","crime","india","hindi",975543,"Not Rated"
218,"Pirates of the Caribbean: The Curse of the Black Pearl",2003,"summer","2h 23m",8.1,"1.3m","action","adventure","fantasy","US","english",654264546,"PG-13"
219,"The Terminator",1984,"autumn","1h 47m",8.1,"977k","sci-fi","action","dystopian","US","english",78371200,"R"
220,"The Big Lebowski",1998,"winter","1h 57m",8.1,"899k","crime","comedy","satire","US","english",48261691,"R"
221,"La haine",1995,"spring","1h 38m",8.1,"216k","crime","drama","psychological drama","france","french",762618,"Not Rated"
222,"Jai Bhim",2021,"autumn","2h 44m",8.6,"229k","drama","crime","legal drama","india","hindi",0,"Approved"
223,"The Seventh Seal",1957,"winter","1h 36m",8.1,"211k","psychological drama","drama","fantasy","sweden","swedish",312104,"Not Rated"
224,"Room",2015,"autumn","1h 58m",8.1,"472k","psychological drama","drama","thriller","US","english",35402766,"R"
225,"Hotel Rwanda",2004,"winter","2h 1m",8.1,"387k","war","drama","biography","US","english",33882243,"PG-13"
226,"Platoon",1986,"winter","2h",8.1,"461k","war","drama","drama","US","english",138546255,"R"
227,"The Best Years of Our Lives",1946,"autumn","2h 50m",8.1,"76k","war","romance","drama","US","english",23667133,"Approved"
228,"Before Sunset",2004,"summer","1h 20m",8.1,"306k","romance","drama","romantic drama","US","english",16506532,"R"
229,"The Sound of Music",1965,"spring","2h 52m",8.1,"218k","romance","musical","biography","US","english",159502880,"G"
230,"The Exorcist",1973,"winter","2h 2m",8.1,"485k","horror","psychological horror","horror","US","english",430872776,"R"
231,"The Incredibles",2004,"autumn","1h 55m",8.0,"871k","animation","adventure","superhero","US","english",631688498,"PG"
232,"Hachi: A Dog's Tale",2009,"summer","1h 33m",8.1,"333k","drama","biography","family","US","english",46749646,"G"
233,"Rush",2013,"autumn","2h 3m",8.1,"544k","sport","drama","biography","US","english",93330442,"R"
234,"The Wizard of Oz",1939,"summer","1h 42m",8.1,"456k","musical","fantasy","quest","US","english",25637669,"G"
235,"A Silent Voice: The Movie",2016,"autumn","2h 10m",8.1,"128k","psychological drama","animation","drama","japan","japanese",30819442,"Not Rated"
236,"The Passion of Joan of Arc",1928,"spring","1h 54m",8.1,"66k","drama","tragedy","biography","france","french",22731,"Passed"
237,"Stand by Me",1986,"summer","1h 29m",8.1,"471k","drama","comedy","adventure","US","english",53525035,"R"
238,"The Iron Giant",1999,"summer","1h 26m",8.1,"250k","sci-fi","animation","action","US","english",23339506,"PG"
239,"My Father and My Son",2005,"autumn","1h 52m",8.2,"99k","drama","political","family","turkey","turkish",18612999,"Not Rated"
240,"The Handmaiden",2016,"spring","2h 25m",8.1,"193k","thriller","romance","drama","south korea","korean",37863670,"Not Rated"
241,"Network",1976,"autumn","2h 1m",8.1,"182k","drama","dark comedy","workplace drama","US","english",23701317,"R"
242,"The Battle of Algiers",1966,"summer","2h 1m",8.1,"73k","war","drama","political drama","italian algerian","french arabic",962002,"Not Rated"
243,"The Grapes of Wrath",1940,"spring","2h 9m",8.1,"106k","period drama","tragedy","drama","US","english",7304,"Approved"
244,"To Be or Not to Be",1942,"winter","1h 39m",8.1,"48k","war","romance","comedy","US","english",0,"Approved"
245,"Into the Wild",2007,"autumn","2h 28m",8.0,"685k","drama","adventure","coming of age","US","english",56676733,"R"
246,"Demon Slayer: Kimetsu no Yaiba - The Movie: Mugen Train",2020,"autumn","1h 57m",8.2,"89k","superhero","adventure","animation","japan","japanese",486451200,"TV-MA"
247,"The Help",2011,"summer","2h 26m",8.1,"519k","period drama","drama","drama","US","english",221802186,"Not Rated"
248,"Gangs of Wasseypur",2012,"summer","5h 21m",8.2,"110k","thriller","drama","crime","india","hindi",4384642,"PG-13"
249,"Drishyam",2015,"summer","2h 43m",8.2,"104k","mystry","drama","thriller","india","hindi",1800000,"PG"
250,"Groundhog Day",1993,"winter","1h 41m",8.0,"725k","romance","drama","comedy","US","english",71108778,"Not Rated"
